w_lya,w_SiIV,CIV,CIII,MgII
3384.35290958388,3892.2397797665694,4315.18642107076,5315.67092023801,7795.34076912744
3716.51616133512,4274.25047911818,4738.70796029224,5837.38676526874,8560.42816029456
2808.00121585464,3229.3954933104596,3580.3147723432803,4410.41782753878,6467.80254379632
2762.11333662732,3176.6212603302297,3521.8058760716403,4338.34352804439,6362.10681249816
4828.70696045244,5553.34677512091,6156.79607409388,7584.26141060563,11122.19004241272
3195.6445873575603,3675.21216528159,4074.5757012761205,5019.27412957687,7360.67992936728
4551.6587679264,5234.7222035496,5803.5484576928,7149.1126362728,10484.051784403198
2690.5793362500003,3094.3522153125,3430.5971412500003,4225.987867812501,6197.3391525
3000.8769180795603,3451.2158828520896,3826.23906967012,4713.36015918337,6912.0623078032795
4434.60559213776,5100.102960425639,5654.3009388315195,6965.26178522852,10214.437646114879
4579.90043391036,5267.20207155579,5839.55772056172,7193.47071789747,10549.10215477368
3731.4168861418802,4291.38734261607,4757.70698523676,5860.79075169151,8594.74970733144
3624.89898683952,4168.88439567228,4621.89236869104,5693.48724791004,8349.40197166176
4815.42361922076,5538.0700145313895,6139.85927842252,7563.39778538827,11091.59389176888
4634.11630910904,5329.55407555206,5908.68514749208,7278.62547536758,10673.98015466352
3605.7702792306,4146.885059704649,4597.5024951962005,5663.44253404745,8305.3419110628
2474.68586068236,2846.0597953887896,3155.32425480572,3886.89241866647,5700.06145810968
4729.13305066644,5438.829896104409,6029.8353241718805,7427.86455992113,10892.83672754472
3677.57991426852,4229.47110363453,4689.06267532404,5776.23112287429,8470.74445346376
3376.76345141772,3883.5113782758294,4305.5095558924395,5303.75045474519,7777.859609733359
3373.38369762888,3879.62442780282,4301.20023353576,5298.44200748426,7770.074862337439
4642.882159698121,5339.63540964393,5919.861960443241,7292.39365448849,10694.17095458856
4159.82150474904,4784.082266262059,5303.94014777208,6533.669152397581,9581.51440898352
3965.7227181499197,4560.855245147879,5056.45636855184,6228.80576990084,9134.437456656959
4311.89654720604,4958.9790768413095,5497.841958761081,6772.52748144283,9931.79607584952
2564.25952283592,2949.07569838938,3269.53428577384,4027.5822710103403,5906.38072772496
2942.4941769288002,3384.0716949882,3751.7987206376,4621.6606681226,6777.5865676943995
3565.3032283627203,4100.34515403708,4545.905373657441,5599.8825179164405,8212.13223114336
3835.49117842176,4411.07997257664,4890.40590429952,6024.256177371521,8834.46896690688
4577.9890145106,5265.00380712465,5837.1205837562,7190.46852610745,10544.6994917028
2957.41787949348,3401.23498449597,3770.8270431499604,4645.10074481221,6811.9610404922405
3156.2640023678396,3629.9217704727594,4024.3638675396796,4957.42058296268,7269.972757897919
2582.12121757512,2969.61788197818,3292.30866677224,4055.63693724874,5947.52241741456
3185.4273622688397,3663.4616501930095,4061.5483273166797,5003.2263332209295,7337.146109635919
4766.98039408344,5482.356957123659,6078.09221308088,7487.30990388638,10980.01231089072
3819.57551433276,4392.77585874939,4870.1127908465205,5999.258065462271,8797.80966202488
4241.54927122212,4878.0748469049295,5408.14634539124,6662.03576286149,9769.76185450056
2552.07001426728,2935.05692097042,3253.9921708525603,4008.43668603106,5878.30405379664
2637.8629784987997,3033.7247600306996,3363.3816595276,4143.1883438251,6075.915062354399
3884.5678389024,4467.5215244136,4952.9806252448,6101.3389710248,8947.5095694912
3802.93772182428,4373.64124732467,4848.89893454156,5973.12573465131,8759.48704446264
2839.69894783848,3265.8500761072196,3620.73065871496,4460.20421703346,6540.81343510224
3100.86117188016,3566.20468584924,3953.7230247563202,4870.40152118332,7142.36078752608
4189.9528628568,4818.7354108302,5342.3588442936,6580.9952996286,9650.917396958399
3826.39822168188,4400.6224438010695,4878.81201781676,6009.97422539651,8813.52472785144
2681.0743232223604,3083.42079332379,3418.4778663857205,4211.05871512147,6175.44580462968
3635.5426141242,4181.12530276005,4635.4634226434,5710.20477753965,8373.9179438196
3157.61654018304,3631.47728245056,4026.08840779008,4959.54496127808,7273.088122475519
3304.7762175604803,3800.72108342772,4213.72293010896,5190.68291838996,7612.04799553824
4528.23176858988,5207.77953498807,5773.67808893276,7112.31676348751,10430.09126435544
4537.19709474876,5218.09027977339,5785.10924127852,7126.39825109427,10450.741525832878
3855.47449140828,4434.06216380067,4915.88543410956,6055.64318651931,8880.49748065464
3190.43272073136,3669.21815840604,4067.93036117872,5011.08805424572,7348.67518947168
3084.57334540212,3547.4725595499294,3932.95538925124,4844.81886834649,7104.844263340559
3348.9087615984004,3851.4765596076,4269.993703236801,5260.0001814668,7713.7005799392
4365.80227371288,5020.97438840382,5566.57393360376,6857.19510047726,10055.95969552944
4514.5012591411205,5191.98850003968,5756.17113575424,7090.75078861824,10398.46512992256
3665.90304740244,4216.04189960841,4674.17419924388,5757.89072419313,8443.848571512719
3484.9996636228802,4007.9905038313195,4443.51509067376,5473.75284548476,8027.16521710944
2690.99607728796,3094.8314963121898,3431.12850287692,4226.64242668267,6198.2990519224795
4455.10516824204,5123.678889920309,5680.43872493308,6997.45966868983,10261.65529321752
4619.83420343952,5313.128666822279,5890.47488689104,7256.193129860039,10641.083502461759
4105.86879949428,4722.032925892169,5235.14827313156,6448.9277456788095,9457.242580922639
3820.9099948968,4394.3106036402,4871.8143073736,6001.354081958601,8800.8834344784
4415.5854467789995,5078.2284785497495,5630.049486583,6935.3875858517495,10170.627642102
3436.8714529983604,3952.63973488779,4382.14968153772,5398.15974497347,7916.30922411768
2447.2445456861997,2814.5003863405495,3120.3354717173997,3843.7914170761496,5636.854574175599
4609.1610506838,5300.853803401949,5876.8661867726005,7239.4292257263505,10616.4995228844
3091.77862488612,3555.7591290009295,3942.1424111192396,4856.13591938949,7121.440525732559
3164.81483932848,3639.7558240297194,4035.26652944496,4970.85104857596,7289.668306722239
3755.61263901096,4319.214130877939,4788.55754574792,5898.79407562242,8650.480933896479
4661.07356120172,5360.55677880183,5943.0567308604395,7320.96617826319,10736.07207352536
3127.06003036128,3596.3351840239197,3987.12762569056,4911.55104485656,7202.70586236864
3213.7771797518403,3696.06589989876,4097.6954877076805,5047.75428418068,7402.44559048992
4290.706177645679,4934.608687123019,5470.82338314936,6739.24459568286,9882.987291375839
4054.60409574792,4663.07497305738,5169.78370879784,6368.40827793434,9339.16215438096
4488.9572145054,5162.61108304935,5723.6014488758,7050.62975547455,10339.6283189052
3768.3651257382,4333.880372093549,4804.8174805214,5918.82390840515,8679.854342151599
3477.11606876712,3998.9238248161796,4433.46318935624,5461.37039098274,8009.00655871056
2475.29543114256,2846.76084355284,3156.1014817211203,3887.8498471781204,5701.4655106972805
3815.5588313856,4388.1563957184,4864.9913581312,5992.9492184512,8788.557845452799
4540.59931710996,5222.00307065769,5789.44721197092,7131.74198886417,10458.578026158479
2502.71305381968,2878.29300479652,3191.0600561473602,3930.9136361683604,5764.617822987841
3004.9049537988003,3455.8484023557,3831.3749776276,4719.6868375501,6921.3402737544
2966.64878420196,3411.85116297069,3782.59681885492,4659.59936627317,6833.22302165448
3570.6349723387198,4106.477028151079,4552.70356220944,5608.25687991844,8224.41309023136
3909.2642062437603,4495.92405392214,4984.46948939352,6140.12859055302,9004.39388514288
2756.41560975768,3170.06848059102,3514.54104457336,4329.39433100686,6348.9829676318395
3839.30167038288,4415.46230172132,4895.26443519376,6030.24116825476,8843.24585398944
4410.90467649,5072.8452691725,5624.08131573,6928.035682792501,10159.84620162
2984.97318643212,3432.92549215743,3805.9611705612406,4688.380789093991,6875.43048748056
3361.04548014144,3865.4346248481597,4285.46850874688,5279.06285121488,7741.65566009472
4479.25222401384,5151.4496731542595,5711.22719468168,7035.38650599218,10317.274353445919
2611.48500579408,3003.38826811812,3329.74868073616,4101.75749243716,6015.157425215039
3361.80888904848,3866.3125978597195,4286.44188588496,5280.26190776596,7743.41405608224
3663.60549278412,4213.399552985429,4671.24472446524,5754.28204489799,8438.556504856559
3671.6783831442003,4222.68393491505,4681.5379851834,5766.961818454651,8457.1511765796
4547.41363322688,5229.84000521232,5798.13573978176,7142.44496901776,10474.27376406144
4033.7989888638,4639.147662046949,5143.2563586326005,6335.73050921135,9291.2407637244
2445.6577278276,2812.6754361189,3118.3122149652004,3841.2990642477002,5633.1995812488
3369.6899489136,3875.3763614604,4296.4905549872,5292.6403806572,7761.5668755168
3683.65112449308,4236.453415047869,4696.80371315916,5785.76693562891,8484.728560277039
3860.36191933548,4439.68304374647,4922.11710178396,6063.31967865871,8891.75492548824
4071.12293205852,4682.07277663203,5190.84589115404,6394.3537688917895,9377.21077448376
3832.347961377,4407.46505570925,4886.398175829,6019.31924913525,8827.229045826
3503.59105651152,4029.3718907302796,4467.21986623504,5502.95362010404,8069.9876551977595
4265.33380267332,4905.42870211173,5438.47258201364,6699.39319737389,9824.54589524616
3755.91358590552,4319.560240608779,4788.94126517304,5899.266761154539,8651.174119169758
2465.97471898284,2836.0413803015094,3144.21719789468,3873.2101686614296,5679.996671767919
4153.15948858512,4776.42048718068,5295.44580854224,6523.2053838312395,9566.169470794559
3005.09163775236,3456.0631018062895,3831.61300719572,4719.98005474397,6921.770271769679
4352.02851873348,5005.13361810597,5549.01184062996,6835.56120154221,10024.23395161224
3855.8296866164396,4434.47066284191,4916.33832232188,6056.20107775863,8881.31561864472
3645.38348910684,4192.44298921251,4648.01093504268,5725.66145548443,8396.58489847992
4484.6556878089195,5157.66403001763,5718.11682889484,7043.87351551259,10329.720408198958
2814.13949031384,3236.4549332292595,3588.14131978168,4420.05897546718,6481.941122845919
3129.24505132512,3598.8481091656795,3989.91361552224,4914.98297193624,7207.7387249145595
4418.39176769952,5081.45594158728,5633.62765891104,6939.79536450504,10177.091574341759
2654.5578641977204,3052.92503257083,3384.6683119524405,4169.4103486801905,6114.36918537336
3568.8478367489997,4104.421698692249,4550.424892272999,5605.44989585425,8220.296695961999
3325.10947591836,3824.10573601779,4239.64865437772,5222.619573063471,7658.88255507768
2835.5492896848,3261.0776823972,3615.4396772496,4453.6865110596,6531.2553304224
4725.13827849648,5434.23563198172,6024.74182858096,7421.59012731196,10883.63537910624
2890.91851757124,3324.75612170661,3686.03767536148,4540.65279454573,6658.789902327119
3196.1600544931202,3675.80498811768,4075.23294265824,5020.08375367224,7361.86722929856
3172.41673790652,3648.4985328540297,4044.95925665004,4982.79105373779,7307.17812070776
3633.65004552732,4178.94871805523,4633.05032137164,5707.232193969389,8369.558700698159
3150.6942475616397,3623.5161674522096,4017.26220558228,4948.67238664653,7257.143677162319
2952.73314873732,3395.84722030773,3764.85382254164,4637.74262120189,6801.17047767816
2810.0530829716804,3231.75528232452,3582.9309856513605,4413.640615072361,6472.52870676384
2593.70421565788,2982.9391304150695,3307.0774563687596,4073.8298998985097,5974.202086939439
2786.6996700628797,3204.8972432413193,3553.1544425537595,4376.96032161476,6418.737681829439
4800.98599564272,5521.465749457079,6121.45072621744,7540.72117397644,11058.33902778336
3987.91013136828,4586.37230399067,5084.7462150295605,6263.65467318931,9185.54277913464
3550.13922424044,4082.9055011279097,4526.5706569698805,5576.06500895663,8177.20426035672
4633.2187936070395,5328.521870686559,5907.54077903808,7277.21578282608,10671.912864587519
3560.67006874644,4095.0167002244093,4539.997908331879,5592.60539508113,8201.46045458472
2900.3043021872404,3335.55042278061,3698.00492919348,4555.39467982773,6680.40862573512
2556.2019189798,2939.80889699595,3259.2605159646,4014.92650736835,5887.8212661324
4317.79779031848,4965.76591432722,5505.36628167496,6781.79633349346,9945.38868934224
2814.5305107972003,3236.9046338133,3588.6398866644004,4420.6731360669,6482.8417788936
2948.25623617356,3390.69846140559,3759.1455785081203,4630.71090950887,6790.85859237528
3014.30890746804,3466.66359909681,3843.36539773508,4734.45726025433,6943.00084680552
3613.6412732628,4155.9372469017,4607.5383299556,5675.8051969281,8323.4715453864
3833.43707283264,4408.71760916496,4887.78683684928,6021.02987395728,8829.737647960319
3640.2570769422,4186.5472608745495,4641.4745528294,5717.60960013815,8384.7769899036
4315.620077808,4963.261394411999,5502.589610416,6778.375885516,9940.372660703999
4423.57201864188,5087.41358824107,5640.23268773676,6947.93178231651,10189.02349233144
3218.32050396636,3701.29103678979,4103.48840927372,5054.89030605947,7412.9104449016795
3153.2878249220403,3626.49896069031,4020.56912129308,4952.74601729983,7263.11758705752
2438.3910386206803,2804.31824124177,3109.0468932243602,3829.8855593516105,5616.46187092584
2452.56133370352,2820.61506006828,3127.11459081904,3852.14228833804,5649.10098449376
3536.56131733944,4067.2899696576596,4509.2582781928795,5554.7387209483795,8145.92962261872
2733.5645867868,3143.7882246627,3485.4050689036003,4293.5031218011,6296.3491212984
4399.546526972999,5059.78261212825,5609.599217121,6910.19588100225,10133.684436473999
2884.83011291592,3317.7540355093797,3678.2747139338403,4531.08997517034,6644.76619076496
3191.76181413648,3670.74670769172,4069.6250088609604,5013.17560934196,7351.73655342624
4170.4336354434,4796.28695009385,5317.4710423018,6550.33721156305,9605.957833549199
4395.72825990636,5055.39134107479,5604.73077265372,6904.19867806447,10124.889640621679
3789.65103989784,4358.36064470526,4831.95787934968,5952.25686233518,8728.883199037919
4027.75758969168,4632.1996354045195,5135.55333109136,6326.241519512359,9277.32532212384
3125.2588526733603,3594.26370518154,3984.83105151272,4908.72200541722,7198.55712426768
2908.5005357616,3344.9766579324,3708.4554574832005,4568.2681837532,6699.2873997408005
3676.8891317496004,4228.6766559893995,4688.1818997592,5775.1461377542,8469.1533412848
4260.21320786256,4899.53966413284,5431.9436171611205,6691.35047911812,9812.75138605728
3550.79257615212,4083.6569009874297,4527.40370700124,5577.09120328399,8178.709156840559
4513.71877339656,5191.088587346339,5755.173434879121,7089.52176882362,10396.66279334928
4243.960460502361,4880.84788124379,5411.22070894572,6665.8229236814705,9775.31566126968
2565.68630330844,2950.71659455491,3271.35348840588,4029.8232593676303,5909.66709894072
2683.9818225948,3086.7646185747,3422.1850453196002,4215.625410817101,6182.1427860024
4681.14137711688,5383.6361542348195,5968.644005311759,7352.485912860259,10782.295226881439
4518.2337096046795,5196.281076067769,5760.93016059236,7096.613202769609,10407.06226031784
3218.9447739696,3702.0089904444,4104.2843786992,5055.8708225692,7414.3483556448
2976.3001911161996,3422.9509480480497,3794.9027518273997,4674.758454123649,6855.453565515599
3498.6204053034,4023.6552982588496,4460.8820855218,5495.146412408049,8058.538518229199
3595.0045737964797,4134.503754306719,4583.77578668096,5646.53326103696,8280.54475050624
3735.44703759396,4296.02229535869,4762.84559083892,5867.12075315717,8604.03254655048
3865.4650389950402,4445.55198409356,4928.62378511408,6071.33494937708,8903.50918333152
3902.67371546052,4488.3445339725295,4976.06634790804,6129.77716410829,8989.21369475976
3686.01157142712,4239.168092181179,4699.81337817624,5789.47439742774,8490.16548979056
2744.1252301928403,3155.93369455401,3498.87031506468,4310.09031189393,6320.67395274792
3922.8176770988402,4511.51148225051,5001.75071122668,6161.41649781843,9035.61223817592
2965.1776960790403,3410.15930994456,3780.7211221820803,4657.2887856200805,6829.83459452352
3801.62111865588,4372.127062674569,4847.22021241476,5971.05779748201,8756.454449863439
4701.55815648948,5407.11686176497,5994.67622224196,7384.55375072921,10829.32216434024
2583.61772487312,2971.33896881268,3294.2167739182405,4057.9874428072403,5950.96939373856
3677.1342869757605,4228.95860144514,4688.49448255752,5775.53119349202,8469.71801895888
4678.10449114164,5380.14352544721,5964.77185324228,7347.71599468153,10775.30022320232
2552.70815745036,2935.79082974079,3254.80582914172,4009.43899260247,5879.77391929368
4379.37968115024,5036.589345456359,5583.885675544479,6878.52060399748,10087.233182829119
3560.1616208371197,4094.4319499836797,4539.34961674624,5591.80679581024,8200.28932237056
2858.5659267781202,3287.54840601393,3644.7868176032403,4489.83784389849,6584.27064362856
3741.28735829472,4302.73906786008,4770.29223522144,5876.29391675544,8617.48483455936
4318.83715470948,4966.96125521997,5506.69151318196,6783.42882254421,9947.78270670024
3355.70980607928,3859.2982308634196,4278.66530917656,5270.68231638006,7729.36574865264
2920.64962909356,3358.9489550355897,3723.94604134812,4587.35029009887,6727.27098333528
3634.41328065504,4179.82649120856,4634.0234769340805,5708.43097757208,8371.31669641152
2747.0086447237204,3159.24982057233,3502.5467848544404,4314.61917846969,6327.3154583613605
4381.82947131384,5039.40677347926,5587.00925678168,6882.36839371718,10092.87590084592
2867.7539699718,3298.1152907839496,3656.5019431486,4504.26914445235,6605.433899828399
3619.3551433806,4162.50859249215,4614.8237447462,5684.7797495349505,8336.6325737628
2904.60460878276,3340.4960726118898,3703.4879934965197,4562.14900342477,6690.313726124879
3761.54697189336,4326.03902388654,4796.12405945272,5908.11490048222,8664.14976462768
4630.19758544304,5325.04727246556,5903.68861681008,7272.470489173081,10664.95397235552
4009.43455339128,4611.12687713142,5112.19072100056,6297.46224210406,9235.12100250864
3096.20618290776,3560.85112676814,3947.7877261215203,4863.09011183102,7131.638730374881
2721.4912320726003,3129.90303220515,3470.0110548302005,4274.539975143951,6268.5399900588
2998.49991836148,3448.48216887297,3823.20829918596,4709.62669857321,6906.5872514762395
3558.0975308361603,4092.05810380824,4536.71781876832,5588.564810270321,8195.53500585408
4341.55557069156,4993.08900394509,5535.65840959412,6819.11175113237,10000.11111305928
3605.6611385262,4146.759540350549,4597.3633363974,5663.27111100615,8305.0905220956
3496.57774241412,4021.30609474293,4458.27760797524,5491.93808159549,8053.83355579656
2457.77472424068,2826.6108195467696,3133.76187396436,3860.33075721661,5661.10923448584
4215.01008234852,4847.55294525453,5374.30780948404,6620.35169553429,9708.63288050376
2583.63571771656,2971.35966182634,3294.23971551912,4058.01570346362,5951.01083750928
3080.79302420448,3543.12492886872,3928.13532729696,4838.881265502961,7096.13687001024
2800.3267006104,3220.5692703006,3570.5294559608,4398.363766215801,6450.1254683952
2999.181270618,3449.2657710644994,3824.0770507859997,4710.696871948499,6908.156642483999
4501.72491725268,5177.2948237397695,5739.88078468836,7070.68348746561,10369.03677494184
4171.826868000479,4797.889263837719,5319.24746998896,6552.525507519959,9609.166932258238
3169.55536418352,3645.2077552882797,4041.3108897790403,4978.296805798041,7300.58738273376
2453.66494054188,2821.8842842160693,3128.52173403676,3853.8756804915097,5651.642974531439
4534.420629844561,5214.89715321834,5781.56913657512,7122.03736611962,10444.34636237328
4621.4573047188,5314.9953454856995,5892.544406467599,7258.7424716401,10644.822068714398
4612.33702209228,5304.50639005167,5880.91567837756,7244.41759996231,10623.814888646639
4406.162752893721,5067.39172926483,5618.035171944441,6920.58772862219,10148.92390382136
3088.7050848420004,3552.2243455005,3938.2235236340002,4851.3084300965,7114.361094996
3695.82677081904,4250.45624992956,4712.3281531620805,5804.8907477250805,8512.77330464352
2806.3771265852397,3227.5276783901095,3578.24399303948,4407.86693396123,6464.061701859119
3481.80406851888,4004.3153485753196,4439.44057806576,5468.73364907676,8019.804651157439
4587.14929797696,5275.53876628944,5848.80031452992,7204.85622554192,10565.79880760448
3779.7088467106796,4346.92643531427,4819.28118215436,5936.641047844109,8705.98287334584
3459.20556512856,3978.3255076193395,4410.62657504312,5433.23906251262,7967.75244516528
2677.00848746292,3078.74480116113,3413.29376185284,4204.67266570809,6166.08077205096
4150.4193739398,4773.26916593595,5291.9520518846,6518.90159278835,9559.8580346124
3528.78808815,4058.3502187874997,4499.3470975499995,5542.5296134875,8128.025174699999
3256.38409326516,3745.06679552049,4152.02102040132,5114.67529898457,7500.58411765608
3433.16704298256,3948.3794073128397,4377.42640940112,5392.34137285812,7907.776680617279
2997.3724223351996,3447.1854705077994,3821.7706962904,4707.8557846054,6903.9902363375995
3728.77266243924,4288.34630258361,4754.33549339748,5856.63757280673,8588.65914131112
3764.40923274156,4329.33082170759,4799.77355744412,5912.61054179487,8670.74254595928
3590.68406869692,4129.5348747996295,4578.26696847084,5639.7472124385895,8270.59312594296
4183.7846327316,4811.6415198249,5334.4941021732,6571.307101505699,9636.7098196008
2968.1651594587197,3413.5950993310794,3784.5302584494398,4661.98107765844,6836.71576079136
3728.7411378983998,4288.310047182599,4754.2952983367995,5856.5880584418,8588.5865293392
3895.6325517080404,4480.24670895681,4967.088580215081,6118.717883234331,8972.99544792552
3606.17542566372,4147.351006107329,4598.01907323444,5664.07888172469,8306.27510408136
2460.8197863506402,2830.11285145446,3137.64445093528,3865.1135173307803,5668.12307064432
3879.2298728975998,4461.3824945363995,4946.1745033552,6092.9548363252,8935.214378908799
2590.87406266572,2979.68425884783,3303.46889718844,4069.3846891411904,5967.68326115736
2679.05621425728,3081.0998285179194,3415.90469608256,4207.8889501985595,6170.797398416639
3426.9027858078002,3941.1750785629497,4369.4392289206,5382.50234879935,7893.3479195964
3995.2931311956,4594.8632641209,5094.1598375012,6275.2508626337,9202.5483932328
4851.04739183064,5579.039815424459,6185.28102489528,7619.35065354078,11173.64781888432
4810.747177616639,5532.69178344096,6133.89662681728,7556.05268122528,11080.822421752318
3080.18125415988,3542.42135103057,3927.3552958227606,4837.92038219001,7094.72775101544
4373.48076400716,5029.8051829959895,5576.36431833532,6869.25540525607,10073.64592685208
2757.26545382496,3171.04586001144,3515.62463002592,4330.72914788792,6350.94045382848
4659.06417887508,5358.245850233369,5940.49468737316,7317.81011993041,10731.44376779304
2942.14048497252,3383.6649247905298,3751.34774913204,4621.10513798229,6776.771892215759
3428.95425554136,3943.5344105585395,4372.05493554872,5385.72451217822,7898.0731672516795
2546.94172455684,2929.15903332501,3247.4533946926804,4000.3818816969306,5866.49182057992
3956.6622362685603,4550.43506470434,5044.90388882312,6214.57482491762,9113.568018485279
2678.9688907565996,3080.9994004561495,3415.7933550981998,4207.7517945869495,6170.596262050799
4457.47251895452,5126.40150687603,5683.4571925460405,7001.17797398379,10267.10812453176
4072.7372726726403,4683.92937992496,5192.90424052928,6396.889350637281,9380.92916188032
3426.61789830984,3940.8474382482596,4369.07598587368,5382.05488713418,7892.691724693919
3522.77360289816,4051.4331450137397,4491.67838634232,5533.08289643182,8114.17172521008
2990.22386539344,3438.96413590116,3812.65599795088,4696.62782544388,6887.5246256707205
3408.6813557238,3920.21917446195,4346.2061708526,5353.88266030635,7851.3776344044
4657.57588173852,5356.534205652029,5938.597048514041,7315.47250975179,10728.01570232376
3400.33845483384,3910.6242617592593,4335.56863582168,5340.7787917571795,7832.16103460592
3855.44224015392,4434.02507262888,4915.84431245984,6055.59253073384,8880.42319480896
4543.77382536948,5225.65397458497,5793.4948380019605,7136.72806498921,10465.89002178024
4696.89335931504,5401.75202257356,5988.72841775408,7377.226936017079,10818.577515491519
2990.1154040081997,3438.8393978110494,3812.5177053114,4696.45746938265,6887.2748014116
2728.1380237097997,3137.5473020284494,3478.4859821746,4284.9798311408495,6283.849860872399
2630.4857218957204,3025.24040500533,3353.9753598984403,4131.601175038691,6058.92267689736
3763.74561691284,4328.567617634009,4798.92742050468,5911.56822633393,8669.21400810792
2540.97506993616,2922.29696808324,3239.84566946832,3991.01029034532,5852.748541654079
4817.01306807396,5539.897990578689,6141.88588979892,7565.89427061717,11095.254944790478
3764.513416482,4329.4506402105,4799.906395914,5912.774179126501,8670.982517316
3376.0133469582,3882.6487062985498,4304.5531424614,5302.57229497015,7776.1318585116
3208.84983362112,3690.39911125968,4091.4129227142403,5040.0150940782405,7391.09620016256
3149.88711188892,3622.58790563763,4016.2330750548404,4947.404650172591,7255.28456323896
2499.84897861816,2874.99912034374,3187.4082447823203,3926.4151451218204,5758.02086257008
2508.09117378456,2884.4782145033396,3197.91737595512,3939.36083912462,5777.00550209328
2655.57663756216,3054.09669235974,3385.96728907032,4171.01049620982,6116.715774442079
3888.25468626972,4471.7616537288295,4957.68150429644,6107.12975817419,8956.00166010936
3810.92777170404,4382.83035697581,4859.08657030708,5985.67539390133,8777.89090577352
2476.64343489732,2848.3111410477295,3157.82024086164,3889.96710402189,5704.570431758159
2682.9389862631197,3085.5652847101796,3420.85538694824,4213.98746852474,6179.74077155856
3894.2368169718,4478.64151753395,4965.308962148601,6116.52565720235,8969.7805858284
3595.33174921596,4134.880028654189,4584.19294853292,5647.04714268867,8281.29834918648
3417.8407532802,3930.7531147690497,4357.8847720554,5368.26896827665,7872.4749097476
2760.21545378592,3174.43856387688,3519.38599892384,4335.36259759784,6357.73532882496
2829.5346282231603,3254.16040596999,3607.77074136732,4444.23951723807,6517.40147506008
3400.10037473496,3910.35045318894,4335.265074095921,5340.40484864542,7831.612653408481
2504.64488439048,2880.51474348522,3193.5232180189605,3933.94788698746,5769.06750007824
2838.04901406,3263.9525382149995,3618.62692662,4457.612730495,6537.0130642799995
3063.3498982242,3523.0641282850497,3905.8946383434,4811.48402886465,7055.9592896196
3029.25592441212,3483.8537017524295,3862.42344702124,4757.93395592899,6977.4290207205595
3301.1586850522804,3796.56067099167,4209.11043029756,5185.00100138231,7603.71556112664
4060.80975891084,4670.21191464351,5177.69617955068,6378.15527066743,9353.45595303192
4201.8908580636,4832.464930497899,5357.5802695372,6599.7458423947,9678.4147482168
3861.02560443288,4440.44632748382,4922.96332704376,6064.36210291726,8893.28362288944
4820.23047916644,5543.59823572941,6145.98821867188,7570.94773254613,11102.66576054472
3826.8648507523203,4401.15909948648,4879.40698869664,6010.70714145064,8814.59953674816
3324.8583210523198,3823.8168905614793,4239.32842179664,5222.22509392564,7658.304058148159
4464.98088294024,5135.0366444538595,5693.03065937448,7012.97106801498,10284.402495849119
2823.1609143816,3246.8301944873997,3599.6439992232004,4434.2285738682,6502.7205973008
3373.7626835905203,3880.06028785503,4301.683455918041,5299.03726593079,7770.94779869976
3036.74737833324,3492.4693915871094,3871.97535283548,4769.70048998223,6994.684442283119
4479.52277532552,5151.76082586378,5711.57215851304,7035.811450369541,10317.89752712976
2827.29906664296,3251.58935562594,3604.92031021192,4440.72820798642,6512.252199912479
4673.84349877536,5375.24308969704,5959.33891616672,7341.02342040872,10765.485677143679
4636.52973321564,5332.32968009571,5911.76236054028,7282.41614634203,10679.53910901432
3057.34812073704,3516.16166931906,3898.24213004808,4802.05727139858,7042.13511052752
2657.9747581514403,3056.85469680066,3389.02498951688,4174.77713054738,6122.23947947472
3360.58866777972,3864.9092590563296,4284.886054566439,5278.345353881689,7740.603462489359
3758.12767541016,4322.10659658174,4791.76431856632,5902.74434505582,8656.273936666079
4409.5646981802,5071.30420149405,5622.3727893554005,6925.9310312016505,10156.7597659476
2940.0460151867997,3381.2561397626996,3748.6772157036,4617.815436101099,6771.947600498399
4266.3631571324395,4906.6125308909095,5439.78505045388,6701.00996421563,9826.91685625272
4496.68431561492,5171.497783439129,5733.45381435684,7062.76641136209,10357.42651782696
3583.96694625996,4121.809719695189,4569.70236652092,5629.19689060167,8255.121258858479
2460.54553827888,2829.7974472153196,3137.2947735857597,3864.68276659676,5667.4913820374395
4182.04016907924,4809.63526604361,5332.26984067748,6568.56714058673,9632.691713631119
3550.58977082472,4083.4236608425795,4527.14512203144,5576.77266487794,8178.242025699359
4710.02723331816,5416.85688551874,6005.47463668232,7397.8557988968205,10848.82939117008
3559.2888014424,4093.4281473486,4538.236736824801,5590.435892479801,8198.2789160112
4767.869611926721,5483.37961910808,6079.226001685441,7488.70656361944,10982.06048857536
4424.5576499810395,5088.547132410059,5641.48940743608,6949.479874961579,10191.293743799519
4583.39094588804,5271.21640160181,5844.00826407508,7198.9531287193295,10557.14201676552
4410.68121086736,5072.5882682600395,5623.7963880507195,6927.68469406772,10159.33148263968
3042.1068662384405,3498.63317313741,3878.80891601588,4778.11842829013,7007.02920528072
4737.31106050176,5448.23517269664,6040.26261645952,7440.70944053152,10911.67352594688
4111.3213784292,4728.3037685613,5242.1005311284,6457.4918984309,9469.8017649096
3941.4446813804398,4532.93382471291,5025.50089274988,6190.67320586163,9078.51670167672
3928.1514152836803,4517.64564984252,5008.55144247536,6169.7939920463605,9047.89769061984
3067.85153849148,3528.2413257554695,3911.6344111959597,4818.55457939571,7066.32813141624
3999.52286758908,4599.72775334187,5099.55292195116,6281.89434437091,9212.29094592504
3040.58122720716,3496.8785827959896,3876.86366473532,4775.72216665607,7003.51512845208
2456.97468435432,2825.6907183769795,3132.74179085064,3859.0741658171396,5659.266464624159
4136.56103339544,4757.33111639166,5274.28210890488,6497.134838610381,9527.93746074672
2973.6848609598,3419.9431375909494,3791.5681004246,4670.6506572033495,6849.429551372399
2880.0004331935197,3312.1995699907798,3672.11667754904,4523.50418588054,6633.641760113759
4274.6593624254,4916.153740429349,5450.3630467158,6714.04048981455,9846.025899865199
4182.93510341148,4810.66450238547,5333.41091803596,6569.97277898571,9634.75305837624
4179.59385085632,4806.82183099248,5329.15068630464,6564.7248041086405,9627.05699270016
2527.19486081712,2906.44877507868,3222.2753472062404,3969.3662541452404,5821.00793161056
2701.04692022256,3106.3906604228396,3443.94373288112,4242.42889308812,6221.44963573728
3484.1348064806402,4006.99585833696,4442.412362945281,5472.39444815328,8025.17315058432
3106.7034867897596,3572.9237518286395,3961.1722118355196,4879.57781700752,7155.817668890879
2968.30924925028,3413.7608125511697,3784.71397874356,4662.2073938658095,6837.04764965064
4593.21745065768,5282.51756131602,5856.53745387336,7214.38723593186,10579.77587183184
4674.25825897212,5375.72009259243,5959.86775214124,7341.67486804899,10766.44101400056
3509.3092322246403,4035.9481880529597,4474.51077083328,5511.93493534128,8083.15860085632
2746.99738917084,3159.23687590851,3502.53243357068,4314.60149981243,6327.289532911919
2852.7931588384804,3280.90932385722,3637.42630571496,4480.77078278346,6570.973953102241
3957.3415189713596,4551.216286766039,5045.77000165872,6215.64174772572,9115.13264259168
4277.711668581,4919.6641034902495,5454.254860137,6718.83462786825,9853.056421578
4486.34613525852,5159.608161432029,5720.27221755404,7046.52863529179,10333.61409608376
3940.09541013036,4531.38206951079,5023.78051750172,6188.55395821247,9075.40886113368
3283.4284379629203,3776.1696612861297,4186.50365035284,5157.15279483309,7562.87664105096
4172.254569288,4798.381149882,5319.792806376,6553.197281226,9610.152076944
3626.54017210524,4170.771872170109,4623.98494607948,5696.06499350123,8353.18219161912
3155.26393883844,3628.7716282874094,4023.08874621588,4955.8498222401295,7267.66926408072
2986.67109667056,3434.87820629484,3808.12607457712,4691.04763038412,6879.34136476128
3535.6966133174396,4066.2955002621593,4508.155745698879,5553.380564116879,8143.937908782719
3160.77730043244,3635.1123752159097,4030.11850455388,4964.509443940629,7280.368451652719
2936.47871826972,3377.1535017288297,3744.12876829644,4612.21242217419,6763.730876109359
2976.66121340016,3423.3661486292394,3795.36306979632,4675.32549772332,6856.285125286079
3171.6295175869204,3647.59317507213,4043.9555190008405,4981.554597531091,7305.36487876296
2457.06455256756,2825.7940730340897,3132.85637644612,3859.2153183093696,5659.47346234728
3063.89632238352,3523.6925538382798,3906.59135117904,4812.34227594804,7057.217894333759
4110.1461830176795,4726.952212606019,5240.60210959336,6455.64606490186,9467.094881511839
3018.0485837486403,3470.96448531396,3848.13363578128,4740.3310237142805,6951.6146207683205
4669.18885614636,5369.889928934789,5953.40405913372,7333.71255504447,10754.764417741679
4034.65229150412,4640.12901906543,5144.3443539052405,6337.07075833799,9293.20621621656
3670.69592115096,4221.554035712939,4680.2853065279205,5765.41870377742,8454.88822521648
2443.7634493880396,2810.4968849768097,3115.89693357508,3838.32379509433,5628.83639976552
2644.97010183276,3041.89844312439,3372.44352834652,4154.35122483727,6092.285237024879
4411.55651421264,5073.59492760996,5624.9124351092805,6929.05949884228,10161.34761040032
4031.15803172628,4636.11037879017,5139.88903179556,6331.58246099281,9285.15772173864
3725.6893190540404,4284.80024456331,4750.4041062570805,5851.79468578883,8581.557130073521
2831.48183765616,3256.39983141324,3610.25351190832,4447.29792303532,6521.886575014079
2761.42194891888,3175.8261166753196,3520.92432886576,4337.25759237676,6360.51430635744
2636.6236767468,3032.2994773527,3361.8014998236,4141.2418209711,6073.0605197784
3162.8959304045998,3637.5489461281495,4032.8198431942,4967.83709328295,7285.248392674799
4386.6969121887605,5045.00466693339,5593.21544015852,6890.013492974271,10104.08730855288
3349.9097244054,3852.62773602435,4271.2699711758005,5261.57235464955,7716.0061451052
4123.49906514312,4742.30895003018,5257.62757270824,6476.61891528474,9497.85120899856
3955.36971308076,4548.94857369639,5043.255869642519,6212.54470923327,9110.59088844888
3933.31896696804,4523.58869147181,5015.14027923508,6177.9104636293305,9059.80035780552
3076.8425560392,3538.5816174138,3923.0983210984004,4832.676419463401,7087.0375690896
3131.4085066399202,3601.33623232038,3992.6721082818403,4918.381026693341,7212.72191427696
4459.04559730968,5128.210655719019,5685.46293087736,7003.64874671086,10270.73147060784
4174.48321250688,4800.94424363232,5322.63441634176,6556.69772407776,9615.28541670144
3179.6932754184,3656.8670539625996,4054.2371353768,4994.2200269818,7323.938515099199
3956.1252290039997,4549.817469230999,5044.219182908,6213.7313685829995,9112.331104152
3255.86651647296,3744.4715464334395,4151.36108912192,5113.86236133392,7499.391958452479
3425.98170801744,3940.1157754371598,4368.26481759888,5381.05564789188,7891.2263573827195
3035.2159887862804,3490.70818775517,3870.02276941556,4767.29519623781,6991.15712001864
4347.19091200056,4999.57003597734,5542.84369698712,6827.96296160662,10013.091262301281
3922.3297691760004,4510.950354414,5001.128608952,6160.650159902,9034.488416688
4571.59725070932,5257.65283694073,5828.97082718564,7180.42923237089,10529.977038614159
4497.31352921448,5172.22142257122,5734.25608706696,7063.75469258546,10358.87581539024
4143.81774548196,4765.67683689069,5283.53470941492,6508.53267283317,9544.652190294479
3244.2418198600803,3731.1023418046198,4136.53913221816,5095.60390443166,7472.61624272304
3927.2603697194404,4516.62088585266,5007.41532345288,6168.394461583381,9045.84530305872
4452.04416461376,5120.15852416464,5676.53582188352,6992.65186985552,10254.60473820288
4004.1963865410003,4605.10262318025,5105.5118470570005,6289.23485803825,9223.055684058
4254.9677957513995,4893.507077630849,5425.2555052177995,6683.11171520405,9800.669379253199
3618.67994631468,4161.73206919527,4613.96284126236,5683.71924387711,8335.077360297839
4723.81520903604,5432.71401064881,6023.05486167108,7419.51203379033,10880.587890389519
2463.7780620959998,2833.5150730439996,3141.416371792,3869.759965492,5674.937007647999
4640.219149600321,5336.57276395848,5916.46651519264,7288.21096854664,10688.03711697216
3858.1929358939196,4437.188562863879,4919.35156043984,6059.91294108884,8886.759002928959
2703.5758455997197,3109.2990994113297,3447.16821470644,4246.40097739669,6227.27462964936
4313.94721002024,4961.33748082386,5500.45663653448,6775.74837742498,9936.51946488912
4474.4451234506405,5145.92117522946,5705.09794763528,7027.836180905781,10306.20193044432
2491.31842158264,2865.18839010246,3176.5314405992804,3913.0165323947804,5738.37202546032
3241.77074962884,3728.2604402330094,4133.3884180366795,5091.72269094093,7466.92450931592
3038.11507869792,3494.0423415448795,3873.7192259478397,4771.84868352184,6997.83473148096
3126.5330330286,3595.72910066415,3986.4556828422,4910.72331073095,7201.4920043868
4858.76853583368,5587.91966473002,6195.125794825361,7631.47795283386,11191.43229651984
3178.54059718884,3655.5413943230096,4052.76742415668,4992.40956031093,7321.28349659592
3250.0014316114803,3737.72629343547,4143.88286943596,5104.65030163571,7485.88262997624
4343.57438571108,4995.4107807623695,5538.2324801451605,6822.28262502741,10004.76114556104
3681.82747580232,4234.356092998979,4694.478487546639,5782.902601863139,8480.528063648158
4846.89251665164,5574.26142177471,6179.98339151228,7612.82475338903,11164.07769758232
4185.79080803988,4813.948760100569,5337.05205658276,6574.45812270001,9641.33073845544
3170.7804682866004,3646.6167096886497,4042.8729469082004,4980.22102895945,7303.4092231908
3736.4975967758396,4297.23051103476,4764.18509615568,5868.77082542868,8606.45234940192
4696.92956739084,5401.793664363509,5988.77458451068,7377.28380662743,10818.66091527192
3963.12586085676,4557.86867976039,5053.14527079452,6224.72698758527,9128.45599193688
2992.451180355,3441.5257020637496,3815.4959143349997,4700.126182053749,6892.654905989999
4306.417540446841,4952.67784034751,5490.85600422268,6763.9218195394305,9919.17601939992
4688.9092799094,5392.569779380349,5978.5483945838005,7364.68665435755,10800.1874062572
2787.11209213788,3205.37155713507,3553.68029732876,4377.60809685851,6419.68763317944
4322.3024577486,4970.94659324415,5511.1099142822,6788.87163867095,9955.7645037468
4773.86403842712,5490.27362393118,6086.86913717624,7498.12177517774,10995.86773579056
2590.74365647656,2979.53428271634,3303.30262403912,4069.17986523362,5967.38289038928
3487.8061182198003,4011.21812060595,4447.0934334446,5478.16083409835,8033.6294572524
2822.1951874583997,3245.7195417725993,3598.4126584568,4432.7117443117995,6500.496192619199
2520.3881849140803,2898.62062729812,3213.59656097616,3958.6752741771606,5805.329791775041
3413.46011202924,3925.7150745311096,4352.29927782748,5361.38846617423,7862.38477073112
4794.24851793576,5513.71718438514,6112.86017047752,7530.138880912021,11042.82027543888
4067.0302637998802,4677.36592524057,5185.62757410276,6387.92557472001,9367.78393733544
3411.34247976912,3923.2796510566795,4349.59921131024,5358.06238389924,7857.507127786559
2436.82065809832,2802.5121950929797,3107.04459473864,3827.4190240051403,5612.84473889616
2750.64340447416,3163.43004552774,3507.18125009432,4320.32815363382,6335.68757309808
3727.07723615136,4286.39644516104,4752.17375651872,5853.974632960721,8584.75398543168
3663.02188592652,4212.728364759029,4670.50060219004,5753.36539640279,8437.212255467759
2523.6158173902,2902.3326277465494,3217.7119225253996,3963.7447904341498,5812.764150927599
4524.61242780456,5203.6170429083395,5769.06328349512,7106.63200628962,10421.754664853279
2479.1214575166,2851.16103834615,3160.9798196182,3893.8592373569504,5710.2781789308
3082.3186158413996,3544.8794647033496,3930.0805181478,4841.2774526965495,7099.650837673199
4627.54608609852,5321.99786494203,5900.307848234041,7268.30588272179,10658.84664800376
4631.421299311561,5326.4546280000895,5905.24890133412,7274.39252874737,10667.77261061928
3111.1867064491203,3578.07976432668,3966.88849767024,4886.61943500924,7166.14408162656
3386.55089472804,3894.7676146118097,4317.98894075508,5319.12320964933,7800.40349268552
3467.7943807696797,3988.2032392840197,4421.57766129736,5446.72917975586,7987.5354720878395
2720.01423909852,3128.20438819203,3468.12782923404,4272.22011997179,6265.13796200376
3394.07112553236,3903.4163998512895,4327.57753825572,5330.93494242897,7817.72519740968
3549.16824504996,4081.78880794269,4525.33261935092,5574.53992986917,8174.96775787848
2806.92307680096,3228.15555887544,3578.94010157792,4408.72443663992,6465.31921491648
2574.93222716808,2961.35004609162,3283.14241413416,4044.34547082266,5930.963674427039
3843.8136851540403,4420.651430588309,4901.01743595708,6037.32801361383,8853.63859187352
3445.1289735563996,3962.1364543070995,4392.678353202799,5411.129509970299,7935.329163343199
3962.3631543584397,4556.9915145674095,5052.17278925588,6223.52903428013,9126.699213840719
3030.5692999030803,3485.36417435037,3864.0980537291603,4759.99682351141,6980.45418085704
3934.9420937673603,4525.45539948504,5017.20983135072,6180.45984549272,9063.53898283968
3098.588844429,3563.5913522122496,3950.8257156329996,4866.83246521425,7137.126827802
4711.573311471,5418.63498226275,6007.445948667,7400.28416346075,10852.390546398
4617.51394692276,5310.46021144689,5887.51646627652,7252.54879357977,10635.739145444879
4750.42662691428,5463.318980647169,6056.98549247156,7461.30954839381,10941.88323288264
3435.52255847268,3951.08841294477,4380.4297866283605,5396.04108903061,7913.20225130184
3037.95626019756,3493.8596892915893,3873.51672595612,4771.5992335068695,6997.4689172872795
3551.18205571116,4084.1048294019897,4527.900309143321,5577.70294361407,8179.60626360408
4293.95907739188,4938.349746678569,5474.97096148676,6744.35379825401,9890.47984983144
3968.42769656112,4563.96615729468,5059.90532509424,6233.05437383324,9140.66796188256
3556.13141591448,4089.79693574622,4534.21094296696,5585.47671036046,8191.00635999024
4278.15244463568,4920.171026420519,5454.81686737936,6719.52693760036,9854.07168199584
4685.92085770536,5389.132887279539,5974.73803577672,7359.99285633122,10793.30403148368
2909.6606865019203,3346.31091147588,3709.9346964558404,4570.09038720484,6701.95963003296
4804.13841691524,5525.09125182261,6125.4701904494805,7545.67255893373,11065.600149399119
3851.34845508972,4429.3169368338295,4910.6245714364395,6049.1625824391895,8870.99378526936
4817.8157049282,5540.821078441049,6142.9092841514,7567.15494097265,11097.1036963716
4558.89362513676,5243.042789430389,5812.77319235452,7160.47614389527,10500.716174576879
3451.2106530735605,3969.13080613059,4400.4327398081205,5420.6817664338705,7949.33738457528
3967.90595757192,4563.36612139338,5059.240086845841,6232.234898782341,9139.46621569296
2869.9627039137604,3300.65548748964,3659.31816798352,4507.73831658052,6610.52138160288
4190.85878660436,4819.77728575929,5343.51393359972,6582.41819867297,9653.00405414568
3981.8068837715996,4579.3531473849,5076.9643282532,6254.068540585699,9171.484879120799
4266.04175410296,4906.24289519094,5439.37524863192,6700.50514903142,9826.176553392479
4138.5141659082,4759.57735378605,5276.7724316114,6500.20254755765,9532.4362036116
3266.9850656258404,3757.25864649726,4165.537687605681,5131.325832191181,7525.001840701921
2951.6348962464003,3394.5841540295996,3763.4535063328003,4636.0176389128,6798.6408205632
4128.86442387276,4748.47948343439,5264.46862142652,6485.046074667271,9510.20949454488
3760.2543490558796,4324.552418274569,4794.47591321476,5906.084628282009,8661.172405063438
4622.70637943088,5316.431867743319,5894.13702708976,7260.70434450076,10647.699121813439
4047.86662411716,4655.32641497349,5161.19316080532,6357.825994413571,9323.64341603208
3085.95686697636,3549.0637049922893,3934.71943504372,4846.99191164197,7108.030994281679
3051.67206888804,3509.6338173518097,3891.00493507508,4793.14211846933,7029.06119076552
3386.24823677556,3894.4195370460898,4317.60303966212,5318.6478366253705,7799.70636625128
4558.89098077452,5243.039748231029,5812.76982068604,7160.47199049879,10500.71008369176
3273.5160558282005,3764.76973666605,4173.8649634514,5141.583803397651,7540.0449805716
3603.8375007726,4144.66223088015,4595.0381247302,5660.40679441895,8300.8900506588
2866.4097772096798,3296.5693761940197,3654.78804317736,4502.15787338586,6602.3377568078395
3006.6360449502,3457.8392768365497,3833.5821886454,4722.40579480415,6925.3275782076
3027.1070349639604,3481.38233035119,3859.6835263289204,4754.55877920967,6972.47938161048
4538.4980832984,5219.5865065326,5786.7680541368,7128.4416629918,10453.7381545392
4845.672949182,5572.858834885499,6178.428393814,7610.9092264015,11161.268609916
3247.80563511456,3735.20097568584,4141.08314036512,5101.201449847121,7480.82494763328
3768.4071876250796,4333.928746170869,4804.87111112316,5918.88997336791,8679.95122529304
3439.91472262932,3956.1397053207297,4386.02997302564,5402.93968971089,7923.318931574159
3968.92109979924,4564.53360512361,5060.5344341174805,6233.82934302673,9141.80444099112
3768.6359845056,4334.191878398399,4805.1628363712,5919.2493356912,8680.478224012799
2675.37223364112,3076.86299616468,3411.20747225424,4202.10266574324,6162.31191092256
3227.42585979996,3711.76282538019,4115.09810510092,5069.19173280667,7433.88324337848
3968.09884532568,4563.58795564302,5059.48602650936,6232.53786004286,9139.91050321584
3983.89582300008,4581.755571889619,5079.62780999816,6257.349555836659,9176.29643204304
2663.2763277182403,3062.95186825836,3395.7847044804803,4183.10409878348,6134.45083641312
4146.35580824868,4768.59578450877,5286.770841780361,6512.51910888261,9550.49823078984
2891.52864704184,3325.45781277126,3686.8156150376803,4541.61110107318,6660.19524250992
2850.41034176652,3278.16891951903,3634.3881178700403,4477.0281850827905,6565.48549738776
4408.05609073752,5069.56919865678,5620.44925403704,6923.56152041854,10153.28491878576
4518.1509080120395,5196.18584851281,5760.82458522308,7096.48314954233,10406.871539477519
4814.2975766215195,5536.7749877077795,6138.42352870504,7561.62915426154,11089.00022437776
4517.43080175192,5195.35767653838,5759.90642070584,7095.35210676734,10405.212884532959
2943.09400237944,3384.76153571766,3752.56352227288,4622.60279052838,6778.96817413872
4652.47104251436,5350.66328768679,5932.08817266972,7307.45453818047,10716.25748372568
4658.9197354486805,5358.07973030877,5940.3105161803605,7317.58324828261,10731.11106438984
3319.2471217011603,3817.36362344949,4232.17391637332,5213.41180228157,7645.37951622408
3517.77809517108,4045.68796582737,4485.30891256516,5525.23664757241,8102.665335041041
4627.8619123916405,5322.36108700971,5900.71053949228,7268.80193874403,10659.57410570232
4187.2331132034,4815.607510733849,5338.8910538218,6576.72349508305,9644.652868429199
4272.08047853184,4913.187845693759,5447.07486576768,6709.98993761568,9840.085834129919
4044.04649773332,4650.93300557673,5156.32234563364,6351.82587111889,9314.84433752616
4729.56422146416,5439.32577232524,6030.38508432432,7428.541783051321,10893.82986371808
2726.33677796844,3135.47574491991,3476.18932122588,4282.15068481263,6279.70096602072
3285.91279562832,3779.0268443254795,4189.67130654864,5161.05487837764,7568.598980036159
2625.083308068,3019.027255677,3347.087064436,4123.1158146610005,6046.479040584
3653.70909834684,4202.01801532251,4658.6264225226805,5738.73816471443,8415.76166959992
3370.88767365948,3876.7538277074696,4298.017702331959,5294.521600131709,7764.325651800239
3959.25812136972,4553.42051200383,5048.21374699644,6218.65208024919,9119.54724390936
2720.83172618556,3129.14455484859,3469.1701582321202,4273.5041150078705,6267.02091883128
4832.49171606084,5557.699505681009,6161.621790100679,7590.20597840493,11130.907649731918
2770.1155048803603,3185.8243069482896,3532.00896325172,4350.91222114997,6380.53858663368
4065.01458288432,4675.047752859479,5183.05749966064,6384.75962343964,9363.141123764159
3799.37728250652,4369.546496004029,4844.35923085004,5967.53349168779,8751.286115507759
3779.70137541516,4346.9178428079895,4819.27165595132,5936.62931297207,8705.96566435608
4484.4820749768005,5157.4643632602,5717.8954655336,7043.600828618601,10329.3205175184
4833.81389718084,5559.22010536101,6163.30762434068,7592.28267664493,11133.95309229192
3216.16721048844,3698.81460044991,4100.74287326588,5051.50821210263,7407.95066178072
4300.38617672664,4945.741355168459,5483.16577228728,6754.44859213278,9905.283692932318
3529.44815426268,4059.1093404422695,4500.1887084583595,5543.56635354811,8129.54553632184
4336.60760436852,4987.398500659529,5529.34955302404,6811.34017369929,9988.71422726376
2650.08466176168,3047.7805405720196,3378.9647984813596,4162.38446433986,6104.065845783839
3705.19058632632,4261.225285009979,4724.26739549464,5819.59812698614,8534.34142556016
4364.07851775012,5018.991949896929,5564.37607524724,6854.48766431749,10051.98928656456
4395.11791169256,5054.68939844034,5603.95255407112,6903.240027965619,10123.483796597278
4757.51627631228,5471.472567506669,6066.02508131756,7472.44498377731,10958.21315900664
4206.2389260216,4837.4655091974,5363.1242315032,6606.5751828982,9688.4298596208
2454.0968344074004,2822.38099201485,3129.0724161298003,3854.5540393160504,5652.6377761812
4227.72465601824,4862.175583833359,5390.51940358048,6640.32197975848,9737.918961813119
3040.73101647432,3497.0508508069797,3877.05465209064,4775.95743480714,7003.86014518416
3803.1925661589603,4373.93433592494,4849.22387134392,5973.52600869342,8760.07403952048
4598.96206270176,5289.12426224664,5863.86206585952,7223.410073681521,10593.00770954688
2937.7369850571604,3378.6005955084897,3745.7331091853202,4614.18873266857,6766.62910175208
4208.66441867664,4840.25499340596,5366.21683243728,6610.38480947028,9694.01661203232
2799.2243892178803,3219.30153600507,3569.12396448876,4396.632408768511,6447.58646221944
2462.2635704612403,2831.7733029791098,3139.48533389148,3867.38121263823,5671.44860714712
2572.8512574835204,2958.95678711328,3280.4890938790404,4041.0769730230404,5926.17047813376
3541.65884446452,4073.15247820353,4515.75783081604,5562.7452076912905,8157.67099891176
3148.17501250824,3620.6188730058593,4014.0500793104798,4944.71552255098,7251.341003433119
4154.52678062916,4777.99296754149,5297.1891610293205,6525.3529360375705,9569.31881948808
2494.8636947052,2869.2656992503003,3181.0518067804005,3918.5849544079006,5746.5380213976005
2551.3519508256,2934.2310983784,3253.0766110112,4007.3088518312,5876.6501041728
2503.1344006172403,2878.77758273811,3191.5972903034803,3931.57542912523,5765.588331075121
4677.23970934428,5379.148966604669,5963.66922158156,7346.35771569131,10773.308330222639
3507.0821943378,4033.3869405454498,4471.6712077306,5508.437013921851,8078.0289587364
3526.11746578884,4055.2788184730093,4495.94194635668,5538.33497126093,8121.873803395919
3296.783125935,3791.5284755587495,4203.531415994999,5178.12848158875,7593.637128029999
2795.87586831228,3215.4505055066697,3564.85446531756,4391.37301777731,6439.87365500664
2478.63492889116,2850.60149679699,3160.35947600332,3893.09506584907,5709.15753444408
3745.5033199428,4307.5877151716995,4775.6677563156,5882.9157630381,8627.1956592264
4680.868389249,5383.32219931725,5968.295934773,7352.05714147925,10781.666440962
4141.04717449176,4762.49048874414,5280.00211968952,6504.18104519902,9538.27060256688
3168.8644236833998,3644.4131259538494,4040.4299127818,4977.211572543049,7298.995906669199
4104.07366641012,4719.968398761929,5232.859406067239,6446.10820026249,9453.10776564456
2925.85565892204,3364.9362491903103,3730.58393929308,4595.52719779983,6739.262279057521
4047.13296428532,4654.48265545473,5160.25771493764,6356.67366357289,9321.95354250216
2495.0884241774397,2869.5241536771596,3181.33834591888,3918.93792821188,5747.05565146272
3492.3377980046403,4016.42986559796,4452.87150789328,5485.278566526281,8044.067490496321
2704.4411657484,3110.2942773951,3448.2715327868004,4247.7601019543,6229.267762639201
3495.6654581004004,4020.2569047231,4457.114408690801,5490.505192258301,8051.7322480152
3500.50606526088,4025.8239375508197,4463.28637799976,5498.10814484826,8062.88184835344
2519.43037406424,2897.5190786148596,3212.3753135224797,3957.17087808798,5803.123620561119
2770.2335423568,3185.9600582052,3532.1594657936002,4351.0976180036005,6380.810467958399
3017.8247061596403,3470.70701061171,3847.84818282828,4739.9793879300305,6951.09895288632
4588.15659583008,5276.697228447119,5850.084659908161,7206.43834893416,10568.11896458304
2475.3459438084,2846.8189366100996,3156.1658874068,3887.9291854493,5701.5818589191995
3430.7254265232,3945.5713796147998,4374.3132499664,5388.5064212564,7902.1527894816
4717.55459393556,5425.51387053609,6015.07232498212,7409.67873019537,10866.16751833128
2670.09870938304,3070.79807875056,3404.48351619008,4193.81974717808,6150.1651520755195
4695.6827834061605,5400.35977660074,5987.18488465832,7375.32553172282,10815.78913851408
4855.9112185818,5584.63355238645,6191.4826001186,7626.99007623485,11184.8509020084
3462.0871069746,3981.6394799206496,4414.3006570842,5437.76498773545,7974.3896373348
4852.69954220688,5580.93990255732,6187.387583241761,7621.94562160276,11177.45329530144
4108.1928147483595,4724.70570407529,5238.11148628772,6452.57798566097,9462.595595617679
4417.01784287556,5079.87583307109,5631.87584936212,6937.637394450369,10173.92694805128
2836.59703558608,3262.2826626061196,3616.7755955201596,4455.33216462116,6533.66865331104
2812.41997432344,3234.4773709836595,3585.94886756088,4417.35819886638,6477.9804800107195
4534.25335448904,5214.70477499706,5781.35585375208,7121.77463325258,10443.96106910352
2510.83116812112,2887.6293973846796,3201.41097921424,3943.6644412032397,5783.316661162559
4674.50357704044,5376.002225327909,5960.18054256988,7342.06017955663,10767.00606675672
4813.43082370488,5535.77816194182,6137.3183837877605,7560.267779311261,11087.00379122544
4750.43152676196,5463.3246158106895,6056.99173997492,7461.31724439317,10941.89451893448
4280.43609204744,4922.797378794659,5457.72860990888,6723.113773389379,9859.33171552272
3875.42531009244,4457.00698433091,4941.32353237388,6086.97915813563,8926.45114873272
2452.71981193668,2820.79732099077,3127.31665695636,3852.39120390861,5649.46601493384
3351.478009854,3854.4313726934997,4273.269598358001,5264.0355993455005,7719.618451452
4839.51643518564,5565.778418238209,6170.57859023028,7601.23943034453,11147.08801887432
3516.47118475692,4044.18492851463,4483.6425490908405,5523.18393443359,8099.65506622296
2699.77136664612,3104.9236856409298,3442.31735063924,4240.42543090949,6218.51159261256
2776.0112939956803,3192.6048719605196,3539.52633209936,4360.1725068203605,6394.11863767584
2955.0658116392397,3398.5299438836096,3767.8280617974797,4641.40644370673,6806.543410911119
2705.6767962603603,3111.71533789329,3449.84701151172,4249.70085853497,6232.11384907368
4585.8014461272,5273.9886434958,5847.0817490744,7202.7392072894,10562.6942364336
3366.2507018353203,3871.42098959223,4292.10537628764,5287.23848961039,7753.64509440216
4764.239286587041,5479.20449403156,6074.597190498081,7483.00455341108,10973.69858782752
4673.14324953684,5374.43775467001,5958.4460701526805,7339.92356628193,10763.87275981992
3151.69807225884,3624.67063524051,4018.5421225466803,4950.24905488843,7259.455834255919
3095.3657508742804,3559.88457183717,3946.7161413915605,4861.770078063811,7129.70292336264
3593.4991891702803,4132.77245793117,4581.856360583561,5644.16881220581,8277.07732661064
3054.27432427728,3512.6265909229196,3894.32291562256,4797.22937936356,7035.055089176639
4109.0810044986,4725.72718368165,5239.2439640322,6453.973030608449,9464.641405246799
4655.88154065996,5354.58559629519,5936.43669532092,7312.81127440167,10724.113046058479
4629.3963947244,5324.125847759099,5902.6670663387995,7271.2120902063,10663.108551727199
4233.55822970652,4868.88459680403,5397.95744525004,6649.4845460877905,9751.35570910776
3796.80925070616,4366.59308192574,4841.08488675832,5963.499984447821,8745.37104591408
4782.300602724839,5499.976256027009,6097.62609682868,7511.3727571829295,11015.30007496392
2584.50247913988,2972.3564973755697,3295.34487128276,4059.37709177501,5953.007290255439
4666.29868366584,5366.56603080726,5949.7189726856805,7329.173074021181,10748.10734622192
4433.8306712622,5099.21174785455,5653.3128834694,6964.04464727815,10212.652734063598
3366.9167481440404,3872.18698888581,4292.95461218708,5288.284622531331,7755.17923049352
4488.66277157532,5162.272453327229,5723.22602226764,7050.16728546539,10338.950114522158
4376.62668009996,5033.42320395519,5580.37548820092,6874.19657278167,10080.89206477848
2865.98045843772,3296.0756299308296,3654.2406444324397,4501.4835591601895,6601.34888649336
4142.7216123696,4764.416208044399,5282.1370954992,6506.8110193692,9542.1274148448
3338.9997772747197,3840.0805427050796,4257.35934868144,5244.43652684044,7690.876745799359
2861.3106471830397,3290.7050242005594,3648.28644679008,4494.148869028079,6590.592688475519
4029.1472506584,4633.797841572599,5137.3252048568,6328.4242057118,9280.5261942192
4177.2909479667605,4804.17333348789,5326.21439226452,6561.10772449277,9621.75260711688
2907.4014994408803,3343.71269019582,3707.0541418597604,4566.541970333261,6696.75593719344
4277.8459404486,4919.818525419149,5454.4260621822,6719.04552344595,9853.3656963468
4425.53133186528,5089.666933879919,5642.73089109856,6951.00919906456,10193.53647152064
2819.5246173525597,3242.6482015553397,3595.0075738911196,4428.51718416062,6494.344941677279
3816.2905419724802,4388.99791347072,4865.92431863296,5994.09848768896,8790.24322919424
4250.82997768104,4888.74830083506,5419.97962033608,6676.61260598658,9791.13854639952
4526.91645357588,5206.26683180457,5772.00100925476,7110.25084957201,10427.06163682344
4407.52505394708,5068.958469641369,5619.77216071716,6922.72744167441,10152.06175652904
3702.5442456756,4258.1818103409,4720.8932044612,5815.4416230937,8528.2459834728
2582.92557399396,2970.54294745869,3293.33425363892,4056.90030845717,5949.37512975048
2581.63147099416,2969.0546395577394,3291.6842201343197,4054.86771142382,5946.394360858079
3566.5305745836,4101.7566870279,4547.4702895772,5601.8102626847,8214.9592359768
3862.16105906592,4441.75217879688,4924.41107748384,6066.14551715784,8895.898969464959
2642.27377349988,3038.7974791655697,3369.0056010027597,4150.11620724501,6086.074655935439
3179.1608775591603,3656.25475962399,4053.55830663932,4993.38381046007,7322.71221782808
3455.16526034628,3973.6788778451696,4405.47502353556,5426.89311360781,7958.446219298639
4274.0369894118,4915.43796844395,5449.5694960286,6713.06295283235,9844.5923585484
4453.19776034952,5121.4852389997795,5678.00670296104,6994.46377761754,10257.261870041759
3584.63560654992,4122.578725247879,4570.55493535184,5630.2471292008395,8256.66141585696
2634.38819658768,3029.72852064852,3358.95117248336,4137.7306396043605,6067.91143217184
3827.37423439644,4401.744925886909,4880.05647338188,6011.507210443629,8815.772824284719
2591.1994030728,2980.0584228042,3303.8837193256,4069.8956886106,5968.4326331664
3611.75384877684,4153.7665782800095,4605.13178763268,5672.84069301193,8319.12415093992
3651.05014958112,4198.96004044968,4655.23615563424,5734.56185774824,8409.63718664256
4051.4839524650397,4659.48659261106,5165.80540030408,6363.50759075458,9331.97538019152
3447.70385323416,3965.0977439177395,4395.96142861432,5415.17377290382,7941.26000597808
4834.8325344384,5560.3916086176,6164.6064279167995,7593.8826103967995,11136.2993678592
4591.62842349276,5280.69007023939,5854.51138016652,7211.89141303227,10576.11579010488
4356.94400047608,5010.7867618786195,5555.27927805016,6843.28175671366,10035.55601413104
2807.1063021814803,3228.3662807279698,3579.1737213259603,4409.01222158821,6465.74124663624
2736.47696534784,3147.13766131776,3489.11846899968,4298.07748104768,6303.05734113792
4833.24532284204,5558.56620557031,6162.58266913308,7591.38963913983,11132.643468017519
3201.59005062312,3682.04985900018,4082.1564066682404,5028.61243649474,7374.37439723856
3516.5425156992,4044.2669640288,4483.7334989184,5523.295971158401,8099.8193661696005
3109.65228487836,3576.31507345779,3964.93204829772,4884.20937898347,7162.60977555768
3705.65628330768,4261.760868728519,4724.86117792336,5820.32957904436,8535.414087531839
4485.25460061432,5158.35282114198,5718.88046687064,7044.81420446214,10331.09991250416
2513.86719735216,2891.1210408572397,3205.28203890032,3948.43301372732,5790.30969146208
3811.0436715733204,4382.96364983673,4859.23434731364,5985.85743329889,8778.15786344616
3239.72372645844,3725.9062220924097,4130.7783809558805,5088.50751160513,7462.20950364072
3831.3795633562804,4406.35133104767,4885.16342930556,6017.79822419031,8824.99848867864
2795.2370421643204,3214.71581127948,3564.0399362206404,4390.36963849964,6438.40221640416
4426.80406608492,5091.13066620663,5644.3536785468405,6953.00823298959,10196.46802068696
3429.51957182172,3944.18456335683,4372.77573660044,5386.6124323781905,7899.37528708536
3807.46573279956,4378.84877293209,4854.67233111012,5980.23770462337,8769.91662716328
3806.34760748892,4377.56285153763,4853.24667625484,5978.48150887259,8767.34119603896
4156.94441554236,4780.77341480379,5300.27174302572,6529.150220761469,9574.88747278968
2815.24312510272,3237.7241895220795,3589.54849863744,4421.79241152144,6484.48317726336
4839.14261520924,5565.34849942611,6170.10195468748,7600.65228590923,11146.22698157112
2658.5574280590004,3057.52480746975,3389.7679171430004,4175.69230741175,6123.581570742
4046.86164251148,4654.17061666047,5159.91176873596,6356.24750906071,9321.32859417624
3063.6954432115203,3523.46152890528,3906.33522213504,4812.026762879041,7056.75519979776
3511.27074746292,4038.20406616113,4477.011781852841,5515.015810708091,8087.67665205096
4355.9979823152,5009.698775602799,5554.0730667504,6841.795882940401,10033.3770055776
4808.78455043376,5530.43462651964,6131.39419802352,7552.97005937052,11076.30180936288
3679.4413131746396,4231.61184104046,4691.43603398328,5779.15474942878,8475.03190195632
2711.64645009336,3118.5808524365398,3457.45856085272,4259.07716063222,6245.864036227679
4142.33747257512,4763.97442072818,5281.64730177224,6506.207665998741,9541.24260741456
3480.1895492644803,4002.45853983372,4437.38200091696,5466.19778674796,8016.08585229024
3215.35150129752,3697.8764784967793,4099.70281115704,5050.22700953854,7406.071800065759
2841.42479765976,3267.8349226961395,3622.93118682552,4462.91494193502,6544.78866695088
3649.23763127352,4196.87551911078,4652.9251217090405,5731.71500604054,8405.46232715376
4486.84764536268,5160.1849327172695,5720.91166315836,7047.3163376231105,10334.76924812184
2601.32174222232,2991.69981250398,3316.79010988664,4085.7944513281404,5991.74789760816
4546.264101253681,5228.51796398502,5796.670040165361,7140.63944404886,10471.62599247984
3323.54935323684,3822.31148709501,4237.65943505268,5220.16914930693,7655.2890504199195
3080.8556297235596,3543.1969295430895,3928.2151518581195,4838.979597546369,7096.281072275279
3571.7650337366404,4107.77667687096,4554.1444360572805,5610.03182321528,8227.01601431232
3838.1474913319203,4414.13491603338,4893.7928103658405,6028.4283443023405,8840.58737857296
4127.2328730297595,4746.60308718864,5262.38832831552,6482.48346148752,9506.45146601088
4540.23393454488,5221.582855451819,5788.9813344677605,7131.16809674126,10457.73642314544
2649.4873044634796,3047.0935383884694,3378.20314383996,4161.44621856471,6102.689924352239
2628.05806246776,3022.44842885814,3350.87999624152,4127.788145201021,6053.33093365488
3993.4502561928,4592.7438304842,5091.810097565601,6272.3563308506,9198.3036117264
3910.19523441924,4496.99480067861,4985.65658785748,6141.59092014173,9006.53836655112
2477.78688337908,2849.6261858393696,3159.27818378116,3891.76307388841,5707.20419094504
4681.76359822548,5384.35175151897,5969.43736231396,7353.46321125121,10783.72841830824
3719.38197189936,4277.54635935804,4742.36198431472,5841.88798198172,8567.02911785568
4283.663781639841,4926.50944493076,5461.84404428368,6728.18337935668,9866.76620623392
3572.18187077856,4108.256068281839,4554.67592009312,5610.68653287512,8227.97613486528
2751.8168839667997,3164.7796280576995,3508.6774837636,4322.1712920361,6338.3905041384
2720.73822440472,3129.0370213375795,3469.05093969144,4273.35725541294,6266.8055517393595
2956.7412411529203,3400.45680363363,3769.9643019828404,4644.037975400591,6810.40250727096
3405.76150222152,3916.86114110778,4342.48323990504,5349.29656046154,7844.65219717776
4783.3609020553195,5501.1956735472295,6098.97802122764,7513.03812792539,11017.742312762159
3558.37468940772,4092.37685532333,4537.07120712244,5589.00013241269,8196.17339835336
3671.3972543835603,4222.36061740809,4681.17953467812,5766.52026049137,8456.50363935528
3240.99173217924,3727.3645163186093,4132.39513937748,5090.49911866173,7465.130161431119
2703.7157804857197,3109.46003420283,3447.34663732844,4246.62076765619,6227.596948317359
4744.49501616948,5456.49721828497,6049.42244960196,7451.99299908921,10928.22067218024
4007.27517399144,4608.64344156066,5109.43742519688,6294.07058922738,9230.14720139472
4278.20108461668,4920.226965760769,5454.87888531636,6719.60333451861,9854.18371677384
3839.6993333680803,4415.91964164162,4895.77147153416,6030.86576197266,8844.16181002704
3098.08731002004,3563.0145529748097,3950.1862390390797,4866.04472470833,7135.97161978152
4345.60409778768,4997.745089948519,5540.82044488336,6825.47061450436,10009.43627777184
4694.598164692799,5399.1123901092,5985.8019520656,7373.6219634756,10813.290884726399
4263.2303024391595,4903.0095314439895,5435.79053439932,6696.089311720069,9819.700803268079
3922.27135623492,4510.883175494129,5001.05413009684,6160.55841297709,9034.35387138696
4003.65361903884,4604.4784030355095,5104.81979660668,6288.38235432343,9221.80550189592
4388.35654115196,5046.913354958189,5595.33153400492,6892.62020736067,10107.91001075448
4158.22849888836,4782.2501994102895,5301.90900106772,6531.16708031597,9577.84516293768
3425.14784678664,3939.15677738346,4367.20161090728,5379.74593462778,7889.30568521232
4522.58396620992,5201.28417186288,5766.47691317184,7103.44598089584,10417.08241293696
3728.33382226188,4287.8416060460695,4753.77595447676,5855.94830368151,8587.648339891439
3850.2145802686796,4428.01290241377,4909.17883532036,6047.381649547609,8868.382077549839
3494.25835357872,4018.6386372610796,4455.3202936894395,5488.29510814844,8048.49119735136
4738.46946980316,5449.56742346499,6041.73963502732,7442.52890877307,10914.34174510008
4654.28599130196,5352.75060424569,5934.40230555492,7310.30520734817,10720.43794145448
2833.85935142076,3259.1341365813896,3613.28493782252,4451.03219103827,6527.36281536888
4241.14324374,4877.607887235,5407.62864398,6661.398031355,9768.826632119999
4491.875439586081,5165.96724360612,5727.32230352016,7055.213297621161,10346.35000531104
3166.85500125384,3642.1021512642596,4037.8678181616797,4974.05545122218,7294.367508565919
3466.94127499824,3987.2221086783597,4420.48991704048,5445.38923984348,7985.57047305312
3254.35094084412,3742.72852970043,4149.4286690852405,5111.48190589299,7495.90106113656
4633.4126170956,5328.744781095899,5907.7879118012,7277.5202138087,10672.3593074328
3401.05925378076,3911.45323037139,4336.48768354252,5341.91092250827,7833.82128504888
4062.91967196648,4672.63846049922,5180.38640377096,6381.469228689461,9358.31581596624
3356.4086966794803,3860.10200336247,4279.55642287196,5271.78003654671,7730.9755365602405
4787.90196956916,5506.41821507649,6104.76806540932,7520.17060529257,11028.20196920808
3519.61658437272,4047.8023554895794,4487.65306042744,5528.1242907489395,8106.9000145233595
4205.76428244336,4836.9196362740395,5362.51904180272,6605.82967876972,9687.336590527679
3634.74699285048,4180.21028330022,4634.44897343896,5708.955126282461,8372.08535155824
2930.26343891268,3370.0055008547697,3736.2040365083603,4602.45032566061,6749.41492802184
3686.03110762536,4239.19056015954,4699.83828761672,5789.50508217122,8490.21048844368
3363.58645583844,3868.35692253741,4288.70835521588,5283.05386249013,7747.50841008072
4018.31167135476,4621.33617639489,5123.50940434052,6311.40518454377,9255.568089860879
3861.58418463792,4441.08873332988,4923.67553932784,6065.23944302684,8894.570227200958
4666.65968893644,5366.98121182191,5950.17926896188,7329.74009089863,10748.93886680472
4610.2635954024,5302.1218060386,5878.2719757448,7241.1609496498,10619.0390664912
4701.9781349268005,5407.599865997699,5995.2117116836,7385.2133944561,10830.2895206184
4310.882278736281,4957.81259799267,5496.548725565561,6770.93440957531,9929.45986311864
3169.8853285788,3645.5872371506994,4041.7316076876,4978.8150679851,7301.347405394399
2798.18838010452,3218.11005391353,3567.8030110960403,4395.005189721291,6445.20017323176
4409.07031667388,5070.73562858907,5621.74243300076,6925.1545254805105,10155.62103354744
2993.43596467188,3442.65827209857,3816.75155404676,4701.67294431401,6894.92320647144
2843.72433919548,3270.4795544114695,3625.86319500396,4466.52674200371,6550.08531016824
4556.69438100396,5240.513506661189,5809.96906740892,7157.02187703967,10495.650551130479
4257.84494815056,4896.81600176484,5428.92399053712,6687.63074609412,9807.29646100128
2633.57065481484,3028.78829109951,3357.90877375868,4136.44655867543,6066.028349383921
4178.08516199256,4805.08673451534,5327.22704717112,6562.35516544062,9623.58195799728
2874.5481459162,3305.92906274805,3665.1647914274004,4514.9404912236505,6621.083247915601
4533.92101186908,5214.32255801187,5780.932103511161,7121.25263568091,10443.19556856504
3984.7281457370404,4582.71280056906,5080.68905504808,6258.656852648581,9178.21356052752
2923.73135256384,3362.4931500417597,3727.87536303168,4592.1906327796805,6734.3692633459195
3556.34950896108,4090.0477578248697,4534.48902039516,5585.81926058991,8191.50870406104
2499.726106917,2874.8578093942497,3187.251578409,3926.22215534025,5757.737846346
4177.11408193716,4803.96992532849,5325.98888094532,6560.82992792857,9621.34522319208
3626.23098102252,4170.41628105303,4623.5907149820405,5695.57935914479,8352.47001711576
2509.88371962276,2886.53976612189,3200.2029441765203,3942.1763208547704,5781.13435804488
3466.34850158532,3986.5403782797293,4419.73410703764,5444.45819379789,7984.205109902159
3270.99199748724,3761.8668951056097,4170.64668729348,5137.61936355273,7534.23119713512
3564.33479266956,4099.23138604959,4544.67057910012,5598.36143380087,8209.90158722328
2933.56749418668,3373.8053928032696,3740.41684020636,4607.63987622111,6757.02531543384
4718.273020734,5426.340111013499,6015.9883481179995,7410.8071351055,10867.822304891999
4560.111255513841,5244.44314852926,5814.3257201816805,7162.388628367181,10503.52080044592
4191.16123432032,4820.125121538479,5343.89956663264,6582.893241486639,9653.70069633216
2558.1559556311204,2942.05617421218,3261.7519914842405,4017.9956364107406,5892.32209154256
3186.19249317096,3664.3416036179397,4062.52390006792,5004.42809444242,7338.90847197648
3767.0546291508,4332.3732104337,4803.1465445316,5916.7655626041,8676.8358131304
4527.70887147696,5207.178167164439,5773.01137402992,7111.49546941692,10428.88685060448
3591.6181374028797,4130.609118376319,4579.45794373376,5641.21431766976,8272.74461074944
2534.5686236052,2914.9291119752997,3231.6771920804003,3980.9479353329,5837.9922695976
2906.28730786212,3342.4312928649297,3705.63350267124,4564.79195314149,6694.18956682056
2900.121255447,3335.3399063767492,3697.7715372189996,4555.107175462749,6679.987005485999
2917.8226843350003,3355.69777315875,3720.3415727950005,4582.910118388751,6720.75954723
4635.71000644128,5331.38693764392,5910.71717585056,7281.1286335165605,10677.65099340864
4254.4082992553995,4892.863617986849,5424.5421246258,6682.2329359120495,9799.380664405198
4591.49538995472,5280.537072475079,5854.34175704144,7211.68246245044,10575.80936763936
3139.0263357991203,3610.09726241418,4002.3851476202403,4930.34605339674,7230.26842192656
3808.3944714628797,4379.91688659132,4855.856510353759,5981.6964381647595,8772.05583502944
2915.7668567508,3353.3334293336998,3717.7203097316,4579.6811103041,6716.0242619304
2694.63094641,3099.0118470524994,3435.7631075699996,4232.3515736325,6206.671418579999
3619.4695801009198,4162.64020263063,4614.96965617884,5684.9594908215895,8336.896161294959
3419.49111239268,3932.6511418247696,4359.98904646836,5370.86112287061,7876.2762602618395
3284.87545461192,3777.8338304533795,4188.34865492584,5159.42556736234,7566.20962321296
3307.33346532108,3803.6620951148698,4216.98352411516,5194.69948755991,7617.93822574104
3742.37590830948,4303.9909756199695,4771.68018038196,5878.00365974421,8619.99214350024
3338.83149570048,3839.8870072627196,4257.1447828889595,5244.17221354496,7690.489134858239
4582.39716757992,5270.073487855379,5842.74115666184,7197.39223994834,10554.85299999696
2528.18198811672,2907.58403970558,3223.53397431544,3970.91669643694,5823.281628795359
3086.17364027232,3549.31300926648,3934.99582973664,4847.3323889906405,7108.53029850816
4556.4932296182005,5240.28216866355,5809.7125912814,7156.70593641515,10495.1872295916
3570.68306060076,4106.53233297639,4552.7648766825205,5608.33241027327,8224.523854208881
4556.8275785994,5240.666693102849,5810.1388997138,7157.23108530005,10495.9573514772
3452.34602020932,3970.43655681573,4401.880378685641,5422.46504324589,7951.95252961416
3528.0416512847996,4057.4917647971993,4498.3953604496,5541.3572142595995,8126.305871222399
2773.49969794092,3189.71636289063,3536.32394585884,4356.22764100159,6388.33355921496
3128.0001023528403,3597.41633179401,3988.3262553846803,4913.02757921393,7204.87117482792
4752.29974802544,5465.473199399159,6059.37379741488,7464.25158655788,10946.197681686719
3608.23372383084,4149.71819127351,4600.643486390681,5667.31177025743,8311.01607999192
3210.65484539124,3692.47499956161,4093.71438550148,5042.85015556073,7395.25376948712
4104.56972859336,4720.538904561539,5233.49190535272,6446.88734575722,9454.250369227679
3134.82446850456,3605.2648245833398,3997.02759739512,4923.74634456462,7220.59006145328
3847.3972602109197,4424.77278960813,4905.58663864884,6042.9565949790895,8861.89281047496
4454.52077147844,5123.006793247409,5679.69359549588,6996.54177952013,10260.30922440072
4330.54552302684,4980.42668809251,5521.62015488268,6801.818699324431,9974.75114743992
2508.93785579736,2885.45195734254,3198.99692966072,3940.69068949022,5778.9557049796795
2617.18171672308,3009.93987945537,3337.01221686916,4110.705093776411,6028.27893001704
3923.4540338791203,4512.243336534179,5002.56209178024,6162.41599855674,9037.07798896656
2770.10905195596,3185.8168856391894,3532.00073551292,4350.90208579367,6380.523723306479
3325.60455011148,3824.6751055604695,4240.27989393596,5223.39716676071,7660.022882976239
3999.06133766568,4599.19696202802,5098.964452689361,6281.16943734786,9211.22788213584
3627.9535229605203,4172.39732334753,4625.78702540804,5698.28488848329,8356.43762975976
3019.80979705392,3472.99000235388,3850.37925375984,4743.09729265884,6955.67130700896
4427.3527615278,5091.761703892949,5645.0532873606,6953.870047489349,10197.7318569564
3808.58326021212,4380.134006702429,4856.09722362124,5981.99296127899,8772.49068112056
2854.8293347766403,3283.25106693096,3640.02251213728,4483.96892479528,6575.66397383232
3399.92431440948,3910.1479716449694,4335.04059008196,5340.12831756921,7831.20712530024
4822.5948610476,5546.3174383239,6149.0029009052005,7574.6613748127,11108.1117536088
2794.29622158492,3213.63380258163,3562.84035204684,4388.89192836459,6436.23517968696
4173.73846482528,4800.08773231992,5321.68483301856,6555.5279779845605,9613.57000400064
2433.68270668848,2798.9033340697197,3103.0435801649596,3822.4903662959596,5605.61694640224
3906.7670958498,4493.05220436345,4981.2855729546,6136.20647679585,8998.6421721924
2914.3521922210803,3351.70646733987,3715.91655541516,4577.45915198491,6712.765797941041
4133.100898772041,4753.35172240281,5269.87029774308,6491.70014031233,9519.96756835752
3445.57312190208,3962.64725560512,4393.24466025216,5411.8271164281605,7936.35219131904
3425.616247677,3939.69547078425,4367.798840929,5380.48163361025,7890.384575226
3049.48730798556,3507.12119129859,3888.21927683212,4789.71059985787,7024.02892723128
2649.47158168836,3047.07545611029,3378.1830966677203,4161.42152341597,6102.65370933768
4622.82627743976,5316.56975874114,5894.28990188552,7260.89266362002,10647.97528859088
4235.87384643696,4871.54771610444,5400.909949949921,6653.12159483692,9756.68937908448
3548.7691334986803,4081.32980207127,4524.82373603036,5573.91306094511,8174.04846528984
3397.2273541518,3907.0462809289497,4331.6018570086,5335.89230743735,7824.995088668399
4857.91154129424,5586.934061772359,6194.03309223248,7630.13190498548,11189.45834030112
4835.56108783176,5561.22949537914,6165.53536286952,7595.0269207540205,11137.977479486879
3850.35754596324,4428.17732284461,4909.36112234548,6047.60620017973,8868.71137722312
3942.1731047431203,4533.77156193018,5026.429661908241,6191.817311984741,9080.19451379856
4807.77831956136,5529.277391463539,6130.1112130887195,7551.389611843219,11073.98411001168
4549.61498094012,5232.37170724443,5800.942546877241,7145.90253988499,10479.34423278456
3867.8773681704,4448.3263293906,4931.6996020808,6075.123900585801,8909.0656156752
3073.78666735608,3535.06713419862,3919.20193981016,4827.87665447366,7079.99879557104
3235.1810426754,3720.6818217418495,4124.9862759658,5081.37249562705,7451.746124365199
2609.25258439404,3000.8208291983096,3326.9022534370797,4098.25111534383,6010.01538299352
3753.11984636472,4316.347247027579,4785.37913461144,5894.87874358294,8644.73916621936
3055.1047779751198,3513.5816700781797,3895.38177757224,4798.53374054874,7036.967912614559
3055.18989459996,3513.67956008019,3895.49030470092,4798.667429906671,7037.16396577848
3706.12600516392,4262.3010813313795,4725.4600922298405,5821.067352816341,8536.49602018896
2933.9144051037597,3374.2043643371394,3740.85916561352,4608.18475564802,6757.82437182288
2952.9525931308,3396.0995965286997,3765.1336229916,4638.0872939391,6801.6759343704
3547.29776222484,4079.6376234020095,4522.94767832868,5571.60203555793,8170.65938596392
3377.11702185,3883.9180087125,4305.96037245,5304.3057940125,7778.6740053
4724.02559260008,5432.95596628962,6023.323109198161,7419.84247503666,10881.07247684304
4223.89140868812,4857.76708444143,5385.63185867324,6634.30124790599,9729.08966120856
3705.4270319274,4261.49721379485,4724.5688731698,5819.96950285605,8534.8860419412
4444.9921949472,5112.048271600799,5667.5442762144,6981.5756165544,10238.361601593599
3396.50915581848,3906.22030320222,4330.68612517496,5334.76426136846,7823.34082834224
2461.82696632548,2831.27117804397,3138.92864601396,3866.69545557621,5670.44295610824
2884.4266981998003,3317.29008070095,3677.7603439046,4530.456347433351,6643.836986492401
4538.2264467774,5219.274105757349,5786.4217066198,7128.0150141185495,10453.1124812412
3302.1035377979997,3797.6473169594997,4210.315155646,5186.4850446835,7605.891885323999
4108.74751104636,4725.343643159789,5238.81874643372,6453.44922546947,9463.87325394168
4085.83556930952,4698.99332643978,5209.6050968810405,6417.46233353754,9411.09909052176
3056.69329109352,3515.40856996578,3897.40719584904,4801.02875605554,7040.62681031376
4802.7920427973195,5523.542828522729,6123.75350916164,7543.55786169689,11062.498981958159
3344.54024965788,3846.45246891507,4264.423674368761,5253.13873039851,7703.63837893944
2995.92776689752,3445.52401689678,3819.92870235704,4705.58672073854,6900.66269286576
4702.65343528812,5408.37650809143,5996.07274687324,7386.27406235599,10831.84497200856
3912.0673335135602,4499.14784404059,4988.04358968812,6144.5313530638705,9010.85046129528
4418.88343435968,5082.02139223152,5634.25455372736,6940.56760612336,10178.22405350784
3866.9887567318797,4447.304364813569,4930.56658666676,6073.72819330901,8907.01883475144
3208.4369266653603,3689.92423971954,4090.8864496967203,5039.36655725122,7390.14513196368
3023.00881184328,3476.6690904844195,3854.4581266045598,4748.12186023306,6963.039749684639
2448.33100184244,2815.7498860184096,3121.72074712388,3845.49787132313,5639.357060232719
4712.85305519496,5420.10677600394,6009.07767351592,7402.29420694042,10855.338240888479
3409.36479697788,3921.0051791450696,4347.07758600876,5354.95611478851,7852.95183709944
4277.72290590528,4919.6770271899195,5454.26918817856,6718.85227789456,9853.08230504064
3556.6130544141597,4090.3508533127397,4534.8250514743195,5586.23320113882,8192.115740818079
3702.3417842611198,4257.948965719679,4720.63505799424,5815.12362485824,8527.77964448256
2634.9706526130003,3030.39838533825,3359.6938274010004,4138.64548053225,6069.253030794001
4477.56860864352,5149.51339910328,5709.08051719904,7032.74211709304,10313.396402213759
3078.1955726589604,3540.13768004994,3924.8234718439203,4834.80154981842,7090.15403652048
4347.98036228556,5000.47795837359,5543.85027793212,6829.20292033287,10014.90964063128
4373.73506269908,5030.097644069369,5576.68855942116,6869.65482227841,10074.231665105039
4811.682716763,5533.7677181257495,6135.089476951,7557.52209601975,11082.977293494
4342.8345694734,4994.55994095135,5537.2891846118,6821.12062456055,10003.0570916892
4007.7679282914,4609.2101430658495,5110.0657067978,6294.84453915905,9231.2821857732
4510.78397487276,5187.71336618439,5751.43144842652,7084.91219541727,10389.90293254488
4626.51437893476,5320.81133038989,5898.99238000052,7266.68542057877,10656.470267900879
4114.7077783656,4732.198362563399,5246.4183275912,6462.8107845362,9477.601820692798
2627.0869641837603,3021.33159870714,3349.6418067735203,4126.26287905802,6051.09415686288
4004.972438805,4605.99513692625,5106.501344985,6290.45377301625,9224.84320209
2740.78823583864,3152.09592038646,3494.61551271128,4304.84902520678,6312.98769518832
4696.15036765524,5400.89753080761,5987.78107342948,7376.05994803873,10816.86614751912
3223.8166954343997,3707.6120368865995,4110.4962750088,5063.522959313799,7425.570083707199
3774.9448118225996,4341.447465892649,4813.2068455802,5929.15836433145,8695.0096455588
3948.64405479804,4541.21360177931,5034.68038414508,6201.98098047683,9095.099360345519
3529.7257248006,4059.4285657471496,4500.5426220862,5544.00232274995,8130.184877722799
2830.67034291756,3255.4665563715894,3609.2188233961197,4446.02333994687,6520.017420647279
3326.2585072126803,3825.42720142977,4241.1137156083605,5224.42431163561,7661.52917342184
4417.17992794104,5080.06224210006,5632.08251435608,6937.89197513158,10174.30028627952
3768.12725344536,4333.60680251454,4804.514183756721,5918.45029168622,8679.30643960368
4075.8936811476,4687.5594678489,5196.9287886052,6401.8469981377,9388.1994674088
4237.3894548772805,4873.290770572919,5402.84241182256,6655.50210181356,9760.18035197664
3829.35957319968,4404.02820274152,4882.5878604073605,6014.62550455336,8820.34574942784
2892.93535782576,3327.07562740764,3688.6092280075204,4543.82056675452,6663.43538625888
4265.12090963868,4905.18386040627,5438.201134810361,6699.05881460011,9824.05552860984
4548.537843244199,5231.1329244400495,5799.5691528833995,7144.210721779649,10476.863210379599
2940.43521767112,3381.70374952218,3749.1734645642405,4618.426741240741,6772.84406906256
3335.03783116764,3835.52403082371,4252.3077076442805,5238.2136528460305,7681.75100719032
4215.36613065516,4847.96242541799,5374.76178543132,6620.91092670207,9709.45298347608
4837.1947106589605,5563.10827454994,6167.61829784392,7597.59278831842,11141.74028052048
3744.8244686502003,4306.80698926155,4774.802193545401,5881.8495178291505,8625.6320288076
3195.3317104519197,3674.8523352133793,4074.17677060584,5018.78270604234,7359.959265132959
3509.56095460776,4036.23768619314,4474.83172702152,5512.3303058560205,8083.73840497488
4382.21849758836,5039.85418058529,5587.50528096772,6882.979422090971,10093.77196353768
2800.3305565669198,3220.5737049171294,3570.5343724608397,4398.36982261609,6450.134350002959
4508.95499492412,5185.60991282043,5749.09942524524,7082.039488052989,10385.690156176559
2806.8406835289597,3228.06080091744,3578.83504683392,4408.5950247459195,6465.12943458048
2880.2329717979997,3312.4670054594994,3672.413173646,4523.8694251834995,6634.177377323999
4400.12793060048,5060.451266487719,5610.34053018896,6911.1090689699595,10135.02361105824
4271.4296312298,4912.439326308449,5446.2450092146,6708.96767718085,9838.5867066324
2509.4615768430003,2886.05427274575,3199.6646951110006,3941.5132776797504,5780.162016534
4319.21505181608,4967.395863013619,5507.17334723016,6784.02237076866,9948.65313505104
2544.7188670955998,2926.6025935958996,3244.6191618012,3996.8905263087,5861.371807432799
3277.23715230444,3769.04925482391,4178.60951149788,5147.42838428463,7548.61595878872
4057.15879515024,4666.01305395636,5173.04105354448,6372.42084449748,9345.04651482912
3371.43062709336,3877.3782616865396,4298.709989852719,5295.37439588222,7765.576262227679
2587.0587644304,2975.2964021556,3298.6042381008,4063.3921492308,5958.8953035551995
3999.9093041871597,4600.172182140989,5100.04564419532,6282.5013052410695,9213.181043692079
3712.32412897788,4269.42935214507,4733.36295000876,5830.80250378851,8550.77245309944
4213.96839198816,4846.35492933624,5372.97961227232,6618.71555317432,9706.23350563008
4769.32872021372,5485.05769449483,6081.08642358444,7490.99832801219,10985.42132198136
2803.0439274255605,3223.69426895859,3573.99402971212,4402.631608237871,6456.38418595128
3977.45774883288,4574.35134158382,5071.41900584376,6247.23752421726,9161.46731008944
3590.7659126804397,4129.62900103791,4578.37132284988,5639.87576158663,8270.78164107672
3804.80679861672,4375.79081483058,4851.28208281544,5976.0614205619395,8763.79217779536
3244.5532773654,3731.4605394643495,4136.9362530958,5096.0930985695495,7473.3336375851995
3060.2818729392,3519.5356871388,3901.9827823984,4806.6652013884,7048.8925612896
3051.14708520804,3509.03004983181,3890.3355597150803,4792.31754710933,7027.851970925521
3602.44655043624,4143.062541847859,4593.26460696648,5658.2220830569795,8297.68620869712
4457.54740325856,5126.487629001839,5683.55267305312,7001.29559183512,10267.280609105279
3959.74716554196,4553.98294660569,5048.8372980349195,6219.42020282817,9120.67368257448
4840.997941561081,5567.48225297487,6172.46757059516,7603.566374539911,11150.50044286104
4290.90457772808,4934.83686093162,5471.076351254161,6739.5562149426605,9883.44427570704
2724.0397665623996,3132.8340230285994,3473.2605390647996,4278.542858719799,6274.410150571199
4757.66136503112,5471.639429562179,6066.21007528424,7472.67286896074,10958.547348742559
4650.6787494460805,5348.602026771119,5929.80292674016,7304.63945346616,10712.129209991039
3886.76449092828,4470.047826080669,4955.78144514956,6104.78916655931,8952.56922241464
4412.44817347308,5074.62039739287,5626.04933661916,6930.45999321391,10163.40141151704
3711.78154133124,4268.80533884661,4732.6711288814795,5829.95028256573,8549.52268520712
3694.9006753027197,4249.391176072079,4711.147344037439,5803.43616567144,8510.64018486336
4652.10513253512,5350.24246591818,5931.621622692241,7306.8798176687405,10715.41466589456
4608.25193814648,5299.80826114422,5875.70703163096,7238.001318174461,10614.40552080624
